Student Name,Subject,Grade
Emma Johnson,Math,85
Liam Smith,English,92
Olivia Williams,Science,78
Noah Brown,History,88
Ava Jones,Art,94
Elijah Garcia,Math,67
Sophia Miller,Physics,73
Lucas Davis,Chemistry,91
Mia Rodriguez,Biology,84
Ethan Martinez,Geography,69
Isabella Hernandez,Music,96
Alexander Lopez,Physical Education,77
Amelia Gonzalez,Math,82
Daniel Wilson,English,79
Charlotte Anderson,Science,95
Matthew Thomas,History,68
Harper Taylor,Art,88
Joseph Moore,Physics,74
Evelyn Jackson,Chemistry,90
Samuel Martin,Biology,81
Abigail Lee,Geography,70
David Perez,Music,85
Emily White,Physical Education,92
Michael Harris,Math,63
Elizabeth Clark,English,87
James Lewis,Science,79
Grace Robinson,History,94
Benjamin Walker,Art,71
Victoria Hall,Physics,88
Ryan Allen,Chemistry,76
Lily Young,Biology,95
John King,Geography,82
Sofia Wright,Music,69
Jonathan Scott,Physical Education,91
Chloe Green,Math,84
Nathan Baker,English,77
Zoe Adams,Science,90
Christian Nelson,History,68
Nora Carter,Art,95
Julian Mitchell,Physics,73
Leah Roberts,Chemistry,88
Gabriel Turner,Biology,81
Audrey Phillips,Geography,76
Isaac Campbell,Music,94
Hannah Parker,Physical Education,70
Caleb Evans,Math,86
Aria Edwards,English,92
Hunter Collins,Science,79
Penelope Stewart,History,85
Owen Sanchez,Art,88
Layla Morris,Physics,74
Dylan Rogers,Chemistry,91
Addison Reed,Biology,83
Luke Cook,Geography,69
Stella Morgan,Music,96
Wyatt Bell,Physical Education,77
Violet Murphy,Math,81
Andrew Bailey,English,88
Ellie Rivera,Science,94
Jack Cooper,History,72
Sofia Cox,Art,90
Luke Richardson,Physics,68
Mila Wood,Chemistry,85
David Watson,Biology,79
Grace Brooks,Geography,93
Joseph Bennett,Music,76
Scarlett Gray,Physical Education,88
Samuel James,Math,70
Victoria Reyes,English,84
Dylan Cruz,Science,91
Chloe Hughes,History,77
Nathan Price,Art,95
Lily Myers,Physics,72
John Long,Chemistry,88
Emma Foster,Biology,80
Liam Sanders,Geography,76
Olivia Ross,Music,92
Noah Coleman,Physical Education,69
Ava Butler,Math,87
Elijah Simmons,English,79
Sophia Russell,Science,94
Lucas Jenkins,History,73
Mia Perry,Art,90
Ethan Powell,Physics,81
Isabella Barnes,Chemistry,85
Alexander Patterson,Biology,78
Amelia Hughes,Geography,91
Daniel Flores,Music,75
Harper Washington,Physical Education,88
Joseph Butler,Math,83
Evelyn Simmons,English,90
Samuel Foster,Science,77
Abigail Gonzales,History,94
David Bryant,Art,71
Emily Alexander,Physics,86
Michael Russell,Chemistry,82
Elizabeth Griffin,Biology,79
James Diaz,Geography,90
Grace Hayes,Music,68
Benjamin Myers,Physical Education,85
Victoria Ford,Math,92
Ryan Hamilton,English,78
Lily Graham,Science,96
